INSERT INTO CONTENT_TYPE (id, name)
VALUES
    ('12', '관광지'),
    ('14', '문화시설'),
    ('15', '축제공연행사'),
    ('25', '여행코스'),
    ('28', '레포츠'),
    ('32', '숙박'),
    ('38', '쇼핑'),
    ('39', '음식점');


INSERT INTO SUB_CATEGORY(id, name)
VALUES
    ('A01010100', '국립공원'),
    ('A01010200', '도립공원'),
    ('A01010300', '군립공원'),
    ('A01010400', '산'),
    ('A01010500', '자연생태관광지'),
    ('A01010600', '자연휴양림'),
    ('A01010700', '수목원'),
    ('A01010800', '폭포'),
    ('A01010900', '계곡'),
    ('A01011000', '약수터'),
    ('A01011100', '해안절경'),
    ('A01011200', '해수욕장'),
    ('A01011300', '섬'),
    ('A01011400', '항구/포구'),
    ('A01011600', '등대'),
    ('A01011700', '호수'),
    ('A01011800', '강'),
    ('A01011900', '동굴'),
    ('A01020100', '희귀동.식물'),
    ('A01020200', '기암괴석'),
    ('A02010100', '고궁'),
    ('A02010200', '성'),
    ('A02010300', '문'),
    ('A02010400', '고택'),
    ('A02010500', '생가'),
    ('A02010600', '민속마을'),
    ('A02010700', '유적지/사적지'),
    ('A02010800', '사찰'),
    ('A02010900', '종교성지'),
    ('A02011000', '안보관광'),
    ('A02020200', '관광단지'),
    ('A02020300', '온천/욕장/스파'),
    ('A02020400', '이색찜질방'),
    ('A02020500', '헬스투어'),
    ('A02020600', '테마공원'),
    ('A02020700', '공원'),
    ('A02020800', '유람선/잠수함관광'),
    ('A02030100', '농.산.어촌 체험'),
    ('A02030200', '전통체험'),
    ('A02030300', '산사체험'),
    ('A02030400', '이색체험'),
    ('A02030600', '이색거리'),
    ('A02040400', '발전소'),
    ('A02040600', '식음료'),
    ('A02040800', '기타'),
    ('A02040900', '전자-반도체'),
    ('A02041000', '자동차'),
    ('A02050100', '다리/대교'),
    ('A02050200', '기념탑/기념비/전망대'),
    ('A02050300', '분수'),
    ('A02050400', '동상'),
    ('A02050500', '터널'),
    ('A02050600', '유명건물'),
    ('A02060100', '박물관'),
    ('A02060200', '기념관'),
    ('A02060300', '전시관'),
    ('A02060400', '컨벤션센터'),
    ('A02060500', '미술관/화랑'),
    ('A02060600', '공연장'),
    ('A02060700', '문화원'),
    ('A02060800', '외국문화원'),
    ('A02060900', '도서관'),
    ('A02061000', '대형서점'),
    ('A02061100', '문화전수시설'),
    ('A02061200', '영화관'),
    ('A02061300', '어학당'),
    ('A02061400', '학교'),
    ('A02070100', '문화관광축제'),
    ('A02070200', '일반축제'),
    ('A02080100', '전통공연'),
    ('A02080200', '연극'),
    ('A02080300', '뮤지컬'),
    ('A02080400', '오페라'),
    ('A02080500', '전시회'),
    ('A02080600', '박람회'),
    ('A02080800', '무용'),
    ('A02080900', '클래식음악회'),
    ('A02081000', '대중콘서트'),
    ('A02081100', '영화'),
    ('A02081200', '스포츠경기'),
    ('A02081300', '기타행사'),
    ('C01120001', '가족코스'),
    ('C01130001', '나홀로코스'),
    ('C01140001', '힐링코스'),
    ('C01150001', '도보코스'),
    ('C01160001', '캠핑코스'),
    ('C01170001', '맛코스'),
    ('A03010200', '수상레포츠'),
    ('A03010300', '항공레포츠'),
    ('A03020200', '수련시설'),
    ('A03020300', '경기장'),
    ('A03020400', '인라인'),
    ('A03020500', '자전거하이킹'),
    ('A03020600', '카트'),
    ('A03020700', '골프'),
    ('A03020800', '경마'),
    ('A03020900', '경륜'),
    ('A03021000', '카지노'),
    ('A03021100', '승마'),
    ('A03021200', '스키/스노보드'),
    ('A03021300', '스케이트'),
    ('A03021400', '썰매장'),
    ('A03021500', '수렵장'),
    ('A03021600', '사격장'),
    ('A03021700', '야영장,오토캠핑장'),
    ('A03021800', '암벽등반'),
    ('A03022000', '서바이벌게임'),
    ('A03022100', 'ATV'),
    ('A03022200', 'MTB'),
    ('A03022300', '오프로드'),
    ('A03022400', '번지점프'),
    ('A03022600', '스키(보드) 렌탈샵'),
    ('A03022700', '트래킹'),
    ('A03030100', '윈드서핑/제트스키'),
    ('A03030200', '카약/카누'),
    ('A03030300', '요트'),
    ('A03030400', '스노쿨링/스킨스쿠버다이빙'),
    ('A03030500', '민물낚시'),
    ('A03030600', '바다낚시'),
    ('A03030700', '수영'),
    ('A03030800', '래프팅'),
    ('A03040100', '스카이다이빙'),
    ('A03040200', '초경량비행'),
    ('A03040300', '헹글라이딩/패러글라이딩'),
    ('A03040400', '열기구'),
    ('A03050100', '복합 레포츠'),
    ('B02010100', '관광호텔'),
    ('B02010500', '콘도미니엄'),
    ('B02010600', '유스호스텔'),
    ('B02010700', '펜션'),
    ('B02010900', '모텔'),
    ('B02011000', '민박'),
    ('B02011100', '게스트하우스'),
    ('B02011200', '홈스테이'),
    ('B02011300', '서비스드레지던스'),
    ('B02011600', '한옥'),
    ('A04010100', '5일장'),
    ('A04010200', '상설시장'),
    ('A04010300', '백화점'),
    ('A04010400', '면세점'),
    ('A04010500', '대형마트'),
    ('A04010600', '전문매장/상가'),
    ('A04010700', '공예/공방'),
    ('A04010900', '특산물판매점'),
    ('A04011000', '사후면세점'),
    ('A05020100', '한식'),
    ('A05020200', '서양식'),
    ('A05020300', '일식'),
    ('A05020400', '중식'),
    ('A05020700', '이색음식점'),
    ('A05020900', '카페/전통찻집'),
    ('A05021000', '클럽');

INSERT INTO REGION (id, name, image_origin, image_thumbnail, latitude, longitude, overview)
VALUES
    (1, '서울', '', '', 37.5665, 126.9780, '서울은 한국의 수도로서 역사적·문화적으로도 중요한 도시입니다. 현대적인 도시인 서울은 다양한 관광지, 음식 문화, 쇼핑 센터 등을 제공하여 방문객들에게 풍성한 경험을 선사합니다. 또한 정치와 경제의 중심지로서 국내외에서 중요한 역할을 합니다.'),
    (2, '인천', '', '', 37.4563, 126.7052, '인천은 대한민국 서부에 위치한 주요 도시로, 인천 국제공항을 비롯한 국내 최대의 항만을 보유하고 있어 국제적으로 중요한 교역과 교류의 지점입니다. 또한 인천은 역사적으로도 중요한 도시로, 조선 시대부터 외국과의 교류와 문화 교류의 중심지로 발전해 왔습니다. 현재는 미술관, 공원, 해수욕장 등 다양한 관광 명소와 함께 현대적인 도시 생활을 즐길 수 있는 곳으로 발전하고 있습니다.'),
    (3, '대전', '', '', 36.3504, 127.3845, '대전은 대한민국 중부에 위치한 교통과 산업의 중심지로서, 국내에서 중요한 과학기술 연구와 개발이 이루어지는 곳입니다. 대한민국의 제2의 수도로 불리며, 대전 시내에는 역사적인 유적지와 현대적인 문화시설이 공존하고 있습니다. 또한 대전은 국내 최대 규모의 박물관과 공원 등 다양한 관광 명소가 있어 방문객들에게 다채로운 경험을 제공합니다.'),
    (4, '대구', '', '', 35.8714, 128.6014, '대구는 대한민국의 대도시로, 경북 지방의 중심지이며 역사와 문화가 풍부한 도시입니다. 대구는 대한민국 경제의 중요한 요충지로서 산업과 무역이 발전하고 있으며, 맛있는 음식과 아름다운 자연 경관으로도 유명합니다. 대구는 현대적인 도시와 전통이 공존하는 매력적인 도시로 많은 사람들이 방문하고 살고 있습니다.'),
    (5, '광주', '', '', 35.1595, 126.8514, '광주는 대한민국의 동남지방에 위치한 도시로, 문화와 예술의 중심지로서 유명합니다. 대한민국의 민주화 운동에서 중요한 역할을 한 5월 민주화 운동의 발생지로서 역사적인 의미를 지니고 있습니다. 또한 광주는 자연환경이 풍부하고 맛있는 음식 문화로도 유명하여 많은 관광객들이 찾는 곳입니다.'),
    (6, '부산', '', '', 35.1796, 129.0756, '부산은 대한민국의 남동쪽에 위치한 대도시로, 대한민국에서 가장 큰 항구를 보유하고 있어 국제무역과 어업의 중심지입니다. 부산은 아름다운 해안선과 산악지형으로 이루어져 있어 자연 경관이 풍부하며, 맛있는 해산물과 다채로운 음식 문화로도 유명합니다. 또한 부산은 다양한 문화 행사와 축제가 열리는 곳으로, 많은 관광객들이 찾는 인기 있는 여행지입니다.'),
    (7, '울산', '', '', 35.5384, 129.3114, '울산은 대한민국 동남쪽에 위치한 도시로, 석유화학 및 중공업을 중심으로 한 산업 도시로서 발전하고 있습니다. 한국의 경제성장을 이끄는 핵심 도시 중 하나로서, 대규모 산업단지와 국제적인 항만을 보유하고 있습니다. 또한 울산은 자연환경이 풍부하여 해안선과 산림이 어우러진 아름다운 풍경을 감상할 수 있는 관광 명소로도 유명합니다.'),
    (8, '세종특별자치시', '', '', 36.5040736, 127.2494855, '세종특별자치시는 대한민국의 행정 수도로, 정부의 중심지로서 역할을 하고 있습니다. 수도권 분산정책의 일환으로 2012년에 설치되었으며, 국회와 정부기관의 이전 등으로 국가 발전에 중추적인 역할을 하고 있습니다. 또한 세종시는 국내에서도 최신의 도시계획과 생활환경으로 주목받고 있으며, 국내외적으로 주거 및 투자 등 다양한 측면에서 관심을 받고 있습니다.'),
    (31, '경기도', '', '', 37.2636, 127.0286, '경기도는 대한민국의 중심부에 위치한 도로, 인구 밀도와 경제적 발전으로 주요한 역할을 하고 있습니다. 수도권에 속해 있으며 수도인 서울과 인접해 있어 교통 및 경제적 교류가 활발합니다. 또한 경기도는 다양한 문화유산과 자연경관을 갖추고 있어 관광지로도 인기가 있습니다.'),
    (32, '강원특별자치도', '', '', 37.8859, 127.7309, '강원특별자치도는 대한민국의 동북쪽에 위치하고 있으며, 아름다운 자연경관과 풍부한 자연자원으로 유명합니다. 한국의 대표적인 관광지인 강릉, 속초, 춘천 등이 이곳에 위치하며, 겨울철에는 강원도의 대표적인 관광지인 평창과 홍천 등에서는 동계 스포츠와 관련된 다양한 이벤트가 개최됩니다. 또한 강원도는 훌륭한 해산물과 맛있는 음식으로도 유명하며, 지역 특산물을 활용한 다양한 음식을 즐길 수 있는 곳입니다.'),
    (33, '충청북도', '', '', 36.6355, 127.4919, '충청북도는 대한민국의 중북쪽에 위치하고 있으며, 자연 경관이 아름다운 지역으로 알려져 있습니다. 이곳은 농업과 농촌 생활이 발달한 지역으로서 풍부한 농산물과 전통적인 문화를 간직하고 있습니다. 또한 충청북도는 문화유산과 역사적인 명소가 많아 관광객들에게 인기 있는 여행지로 자리잡고 있습니다.'),
    (34, '충청남도', '', '', 36.5184, 126.8000, '충청남도는 대한민국의 중서부에 위치하고 있으며, 농업과 공업이 발달한 지역으로 알려져 있습니다. 이곳은 아름다운 자연경관과 역사적인 유적지가 많아 관광객들에게 인기가 있으며, 특히 보령, 당진, 공주 등은 관광명소로 유명합니다. 또한 충청남도는 대한민국의 경제성장과 발전에 기여하는 중요한 지역 중 하나입니다.'),
    (35, '경상북도', '', '', 36.5748, 128.5053, '경상북도는 대한민국의 동북쪽에 위치하고 있으며, 다양한 문화유산과 역사적인 유적지가 풍부한 지역입니다. 경북은 고증과 문화가 발달한 곳으로 알려져 있으며, 안동 하회마을, 경주 석굴암 등 많은 관광명소가 있습니다. 또한 경북은 농업과 조선업 등 다양한 산업이 발전하고 있으며, 자연환경도 풍부하여 많은 사람들이 찾는 지역입니다.'),
    (36, '경상남도', '', '', 35.2383, 128.6811, '경상남도는 대한민국의 남동쪽에 위치하고 있으며, 부산과 경상북도 사이에 위치한 지역으로 유명합니다. 이곳은 아름다운 해안선과 산악 지형이 어우러져 자연경관이 풍부하며, 태양과 바다가 어우러진 해변과 함께 매력적인 관광지로 알려져 있습니다. 또한 경상남도는 성산대군과 관련된 역사적인 유적지도 많아 역사와 문화를 함께 체험할 수 있는 곳입니다.'),
    (37, '전북특별자치도', '', '', 35.8201, 127.1089, '전북특별자치도는 대한민국의 서북쪽에 위치하고 있으며, 아름다운 자연경관과 문화유산으로 유명합니다. 이곳은 역사적으로도 중요한 위치를 차지하고 있으며, 전주 한옥마을을 비롯한 다양한 유적지와 전통 문화를 경험할 수 있는 곳입니다. 또한 전북은 농업과 교육이 발달한 지역으로서, 지속적인 발전을 거듭하고 있습니다.'),
    (38, '전라남도', '', '', 34.7915, 126.3922, '전라남도는 대한민국의 남서쪽에 위치하고 있으며, 아름다운 해안선과 섬들로 이루어진 지역으로 유명합니다. 이곳은 푸른 바다와 고운 모래사장이 있는 해변과 함께 자연경관이 풍부하며, 전통문화와 역사적인 유적지도 많아 관광객들에게 인기가 있습니다. 또한 전라남도는 농업과 어업이 발달한 지역으로서, 신선한 해산물과 농산물을 맛볼 수 있는 명소로도 유명합니다.'),
    (39, '제주도', '', '', 33.3688, 126.5330, '제주도는 대한민국의 남서쪽에 위치하고 있으며, 아름다운 자연경관과 푸른 바다로 유명한 관광지입니다. 화산 활동으로 형성된 독특한 지형과 온화한 기후로 유명하며, 한라산을 비롯한 다양한 자연 경관과 해변을 감상할 수 있습니다. 또한 제주도는 특산물이 풍부하고 맛있는 음식이 풍성하여 많은 관광객들이 찾는 명소입니다.');

insert into RECOMMENDED_PLACE (id, region_id, place_id, overview) values
      (1, 1, 126508, '경복궁은 1395년 태조 이성계에 의해서 새로운 조선왕조의 법궁으로 지어졌다. 경복궁은 동궐(창덕궁)이나 서궐(경희궁)에 비해 위치가 북쪽에 있어 &apos;북궐&apos;이라 불리기도 했다. 경복궁은 5대 궁궐 가운데 으뜸의 규모와 건축미를 자랑한다. 경복궁 근정전에서 즉위식을 가진 왕들을 보면 제2대 정종, 제4대 세종, 제6대 단종, 제7대 세조, 제9대 성종, 제11대 중종, 제13대 명종 등이다. 경복궁은 임진왜란 때 상당수의 건물이 불타 없어진 아픔을 갖고 있으며, 고종 때에 흥선대원군의 주도 아래 7,700여칸에 이르는 건물들을 다시 세웠다. 그러나 또 다시 명성황후 시해사건이 일어나면서 왕조의 몰락과 함께 경복궁도 왕궁으로서의 기능을 상실하고 말았다. 경복궁에는 조선시대의 대표적인 건축물인 경회루와 향원정의 연못이 원형대로 남아 있으며, 근정전의 월대와 조각상들은 당시의 조각미술을 대표한다. 현재 흥례문 밖 서편에는 국립고궁 박물관이 위치하고 있고, 경복궁 내 향원정의 동편에는 국립민속 박물관이 위치하고 있다.&lt;br /&gt;&lt;br /&gt;* 주요문화재 &lt;br /&gt;1) 사적 경복궁&lt;br&gt;2) 국보 경복궁 근정전&lt;br&gt;3) 국보 경복궁 경회루&lt;br&gt;4) 보물 경복궁 자경전&lt;br&gt;5) 보물 경복궁 자경전 십장생 굴뚝&lt;br&gt;6) 보물 경복궁 아미산굴뚝&lt;br&gt;7) 보물 경복궁 근정문 및 행각&lt;br&gt;8) 보물 경복궁 풍기대&lt;br&gt;'),
      (2, 1, 264353, '인사동은 도심 속에서 낡지만 귀중한 전통의 물건들이 교류되는 소중한 공간이다. 인사동에는 큰 대로를 중심으로 사이사이 골목들이 미로처럼 얽혀 있다. 이 미로 속에는 화랑, 전통공예점, 고미술점, 전통찻집, 전통음식점, 카페 등이 밀집되어 있다. 특히 인사동의 가게들은 저마다의 독특한 멋으로 젊은이들은 물론 중년층에게까지 매우 인기가 많다. 그 중에서도 화랑은 인사동의 맥을 이어온 중심이다. 이 곳에는 100여 개의 화랑이 밀집되어 있는데 한국화에서 판화, 조각전까지 다양한 전시회를 감상할 수 있다. 대표적인 화랑으로는 민중미술의 중심역할을 했던 학고재, 재능있는 작가들의 터전이 되었던 가나화랑, 가나아트센터 등이 있다. 만약 인사동의 유명한 화랑만을 골라서 편하게 구경하고 싶다면 미술관 순화버스 를 이용해보자. 저렴한 가격으로 유명 화랑 10여곳을 둘러볼 수 있다. &lt;br /&gt;화랑과 함께 인사동 거리를 메우고 있는 것은 바로 전통 찻집과 음식점이다. 처음에는 찾기가 힘들지만, 산책하듯이 천천히 골목골목을 둘러보면 매우 재미있다. 그 중에서 대표적인 명소를 꼽는다면 전통찻집 귀천이 있다. 귀천(歸天)은 고 천상병(千祥炳) 시인의 부인이 운영하는 전통찻집으로 내부는 매우 작지만 당시 시인의 책과 사진을 접할 수 있는 곳이다. 이곳은 모과차가 가장 향기가 좋아 인기인데, 지금도 가끔 유명 인사들이 다녀가는 곳이다.인사동은 매주 토/일요일마다 차 없는 거리로 지정되어 시민과 함께 하는 문화공간으로 다시 태어났다. 이날은 기존 가게는 물론 거리에는 전통공연과 전시는 물론 엿장수, 사주와 궁합을 보는 할아버지가 함께 한다. 이 속에서 즐거움을 찾는 이들은 바로 각국에서 몰려든 외국인들이다. 한국의 전통문화를 보기 위해 찾아든 외국인 관광객들은 전통가게에서 고물건을 보거나 고미술을 산다. 그리고 거리에 있는 엿을 사고 전통 파전을 먹는다. 도심에서 느끼는 전통의 멋에 빠진 외국인들의 모습도 많이 볼 수 있다.&lt;br&gt;'),
      (3, 1, 264311, '명동은 거대 쇼핑도시를 연상케하는 공간이다. 일반적으로 명동 거리는 지하철 4호선 명동역에서 을지로, 롯데백화점으로 이어지는 약 1km 정도의 거리를 말한다. 이곳에는 각종 브랜드매장, 백화점,보세가게 등이 밀집되어 있다. 유행의 메카라는 표현이 어울릴 정도로 의류,신발,액세서리 등의 다양한 제품을 구입할 수 있다. 남대문이나 동대문보다는 질이 좋은 브랜드가 많이 모여 있는 것이 특징이다. 우선 백화점으로는 가까이에 롯데백화점, 신세계백화점이 있으며, 명동거리에는 눈스퀘어(Noon Square), 명동밀레오레, 엠플라자(M Plaza)와 같은 쇼핑몰이 있다. 각종 브랜드숍은 중앙거리를 비롯해 사이드 골목에 밀집되어 있다.명동에는 쇼핑과 함께 먹을거리, 즐길거리가 많다. 먹을거리로는 패밀리레스토랑, 패스트푸드점은 물론 한식, 양식, 일식으로 다양하다. 이중에서 명동 돈까스와 칼국수(명동교자)는 유명하므로 한번 먹어보는 것이 좋다. 그 외에도 명동에는 헤어샵, 은행, 극장 등 많은 편의시설이 있다.&lt;br /&gt;&lt;br /&gt;* 명동 주요 관광지&lt;br /&gt;&lt;br /&gt;- 명동성당 : 한국 천주교 서울대교구 본당 건물인 명동성당은 우리나라 최초의 본당이며 한국 천주교회의 상징으로, 고종 29년(1892)에 착공, 광무 2년(1898)에 준공된 순수한 고딕양식의 건물이다. 명동성당은 우리나라 기독교 역사뿐 아니라 정치, 사회, 문화 전반에 걸쳐 큰 영향을 미친 터전이다.&lt;br /&gt;&lt;br /&gt;- 명동예술극장 : 명동 옛 국립극장을 복원하여 2009년 6월 개관한 명동예술극장은 완성도 높은 연극작품을 만날 수 있는 연극예술전문 공연장이다. 1934년 바로크 양식으로 건축된 극장외형과 현대적인 내부공연 시설이 잘 조화되는 곳이다.&lt;br /&gt;&lt;br /&gt;- 명동 재미로 : 명동과 남산의 연결지점이지만 명동의 화려함에 비해 특색 없이 밋밋하고 가파르기만 했던 오르막길이 2013년 12월, 만화의 거리 &apos;재미로&apos;라는 이름으로 새롭게 태어났다. 이곳에서는 원로부터 신인 작가까지 약 70명의 대한민국 대표 작가의 다양한 만화 캐릭터들과 콘텐츠들을 만날 수 있다. &lt;br&gt;'),
      (4, 2, 127585, '월미도는 효종4년(1653)에 월미도에 행궁을 설치했다는 기록 외에는 조선 말기까지 역사에 등장하는 일이 거의 없었다. 행궁의 위치는 동쪽해안에 있던 임해사터라고 되어 있으나 지금으로서는 확인할 길이 없다. 1920년대 후반부터 1930년대까지가 월미도 유원지의 전성기였다. 당시 조선인과 일본인 남녀노소를 가릴 것 없이 월미도의 이름을 모르는 사람이 없을 정도였다 한다. 1989년 7월 문화의 거리가 조성된 이래 문화예술의 장, 만남과 교환의 장 그리고 공연놀이 마당 등으로도 알려지기 시작한 월미도는 인천하면 떠올릴 만큼 유명한 곳으로 자리잡고 있다.&lt;br /&gt;&lt;br /&gt;휴일엔 각지에서 수십만 명의 인파가 몰리는 이곳에는 카페,  회센터 등 조화를 이루며 늘어서 있어 시원한 바다를 바라보며 구미에 맞는 음식을 골라 즐길 수도 있다. 인천 앞바다 1km 거리에 떠있는 둘레 4km의 월미도는 섬 아닌 섬으로 변모하고 인천시민의 또한 그 주변의 시민의 휴식 공간으로 자리를 굳히고 있다. 간조시에는 갯벌이 노출되지 않아 항상 바닷물과 즐길 수 있으며, 주변에는 횟집이 자리하고 있어 서해안의 별미를 맛볼 수 있어 외국인 관광객의 군침을 돌게 한다. 또한 문화의 거리는 관광객을 위하여 특성있는 구간을 조성하여 ‘만남교환의 장’, ‘문화예술의 장’과 각종 공연을 위한 ‘연출의 장’을 설치하여 이용객의 편의를 도모하여 시민문화 의식의 고취와 지방 예술 문화창달에 기여하고 있다.&lt;br&gt;'),
      (5, 2, 128027, '인천대공원은 인천광역시 동부공원사업소에서 관리하는 11개 도시자연공원(인천대공원, 중앙, 부평, 계양, 백마, 약사, 호봉, 연희, 불로1, 불로2, 검단) 중 한 공원으로 남동구 장수동에 위치하고 있으며 관모산과 상아산을 끼고 있다. 인천대공원은 인천 유일의 자연 녹지 대단위공원(89만 평)으로서 연차적 조성사업계(1982~2006년)에 의거 조성중에 있으며 도시생활에 지친 현대인들에게 쾌적한 휴식처를 제공하는 생명의 숲이기도 하다.&lt;br&gt;연간 400만 명의 시민들이 찾는 수도권의 대표적인 공원이며, 누구나 맑은 공기를 마음껏 마실 수 있는 휴식공간이다. 그리고 자연을 만끽할 수 있는 즐거움과 여유롭게 힐링할 수 있는 휴양공원이다.&lt;br&gt;'),
      (6, 2, 2767851, '인천 연수구 송도동 24-9번지에 조성된 한옥마을로 오래된 전통 가옥 촌이 아닌 2013년에 신축된 한옥 단지이다. 송도 국제도시의 고층빌딩과 한옥단지가 대비되면서 서양과 동양의 만남이 이루어지는 듯한 공간이 조성되었다. 조성 초기 계획으로는 전통문화 체험공간의 성격이 강했다고 전해지나 현재는 한옥 전통마을 전체 부지를 외식업체에 임대해 한옥으로 지어진 호텔과 식당과 카페 등의 상업 시설로 이용되고 있다. 드라마 &lt;도깨비&gt;, &lt;야왕&gt;, &lt;파랑새의 집&gt; 촬영지로도 알려져 많은 사람이 찾는 장소이다.'),
      (7, 3, 127641, '대전오월드는 ‘주랜드+플라워랜드+조이랜드+버드랜드+나이트유니버스’의 복합적인 공간으로 구성된 온 가족이 함께 즐길 수 있는 중부권 이남 최대 규모의 테마공원이다. 주랜드에서는 오월드에서만 볼 수 있는 한국 늑대 사파리가 있으며, 버스 안에서 야생 동물을 생동감 있게 관람할 수 있는 아프리카 사파리와 그 외 다양한 동물들을 만나볼 수 있다. 자이언트드롭, 후룸라이드, 슈퍼바이킹 등 스릴 넘치는 놀이기구를 조이랜드에서 체험할 수 있으며, 꽃과 물과 빛이 어우러진 향기로운 꽃의 세계인 플라워랜드, 희귀새와 열대 정원이 어우러진 환상의 버드체험까지 즐길 수 있다. 또한, 다양한 디지털 미디어 장치와 흥미로운 스토리텔링을 더한 신비로운 나이트 유니버스에서 홀로그램쇼와 음악분수 워터쇼 등 환상적인 밤의 시간을 경험할 수 있다.'),
      (8, 3, 741658, '대전의 최대 도심지 둔산에 자리하고 있으면서 우성이산, 갑천과 유등천, 정부대전청사 녹지 축에 연계된 전국 최대의 도심 속 수목원이다. 식물 종(種) 뿐만 아니라 생물 서식공간으로서의 생태환경과 경관이 우수하며, 예술의 전당·미술관·연정국악원 등 문화예술이 어우러진 시민의 문화·휴식공간으로 사랑받고 있다. 또한, 자연환경의 중요성과 가치를 알리는 체험 중심의 다양한 산림환경교육 프로그램을 개발 운영하여 숲과 자연을 사랑하는 건전한 시민정신 함양을 위해 노력하고 있다.'),
      (9, 3, 129785, '‘자연과 인간과 과학의 조화’라는 주제 아래 5만여 평의 대지 위에 건립된 국립 중앙과학관은 산업 기술, 자연사, 과학기술사 등에 관한 자료의 수집, 연구 및 전시를 통해 과학기술과 지식을 보급하고, 생활의 과학화를 도모하여 과학기술을 통한 선진화라는 목표를 실현하고자 지난 1990년 10월 9일 개관하였다. 야외전시장에는 비행기·프로펠러·에어보트 등의 대형 전시물을 전시하고 휴식공간을 설치하였으며, 특별 전시관에는 전국과학전람회 및 전국학생과학발명품 경진대회 수상작품을 정기 전시하고 과학관 소장 전시품·희귀 소장품·각종 단체 특별전을 연다. 상설전시관에는 자연사·한국 과학기술사·자연의 이해·자연의 이용 등 4개 분야 322개 주제로 4,200여 점의 전시물을 실물, 복원, 박제(剝製), 영상, 사진, 도해(圖解), 실험 장치 등의 형태로 복합 전시하고 있다. 천체관은 돔형 건물로 70mm 대형 아스트로비전과 천체투영기 플라네타륨이 있다. 자연학습원은 총 10만 891㎡ 부지에 12㎞의 관찰로를 개설하여 주변에 각종 식물류(초본류 및 목본류)를 심었다.'),
      (10, 4, 1956986, '국립대구과학관은 2013년 개관한 이래 대구·경북지역을 아우르는 거점 과학관으로서, 과학기술문화 확산과 과학 대중화를 위한 역할을 충실히 수행하고 있으며 과학 문화 창달을 이끄는 생활밀착형 과학관이라는 비전을 실현하기 위해 지역민에게 전시, 교육, 행사를 통해 과학을 쉽게 이해하고, 감동하는 고품질의 서비스 제공을 목표로  과학기술의 빠른 변화에 발맞춰 새로운 볼거리를 제공하고, 지역민이 과학을 즐길 수 있는 다양한 체험공간을 조성하여 시민들이 자연스럽게 즐길 수 있는 친밀한 동네 과학관, 생활밀착형 과학관이다. 또, 국립대구과학관은 개관 10년 차를 맞아 그 일환으로 과학관 운영의 핵심 전략인 과학을 만끽하는 최상의 고객 경험 기반 조성, 평생학습 기반 조성과 과학교육 콘텐츠 고도화, 과학 문화 행사, 협력활동 강화를 통한 과학대중화 선도, 과학관의 지속 성장을 위한 ESG 경영 혁신을 토대로 과학 문화 확산에 기여할 수 있도록 추진하고 있는 과학관이다.'),
      (11, 4, 1614282, '83타워(대구타워)는 대구를 상징하는 하늘의 궁전이며 대구시내를 한 눈에 볼 수 있는 전망대와 통신 홍보관, 과학관, 기획전시관이 있다. 또, 회전 레스토랑에서는 한곳에 앉아 음식을 즐기면서 대구시를 전망할 수 있으며, 스카이라운지에서 대구의 야경을 내려다 볼 때는 짜릿한 흥분을 느낄 정도다.'),
      (12, 4, 128120, '74,000여 평의 부지에 1986년부터 1990년까지 대구 시민의 생활 쓰레기 410만 톤을 매립한 장소로서 이곳의 환경문제를 해결하기 위하여 1996년부터 1997년까지 150만㎥의 건설 잔토를 6~7m로 복토한 후 2002년 5월까지 수목원을 조성함으로 생태를 복원한 사례이다. 대구수목원은 침엽수원, 활엽수원, 화목원, 야생초화원, 약용식물원, 염료원 등 21개소의 다양한 원을 구성하여 400여 종 6만 그루의 나무와 1,100개 화단에 800여 종 13만 포기의 초화류를 식재하였고, 40종 300여 점의 분재와 200종 2,000점의 선인장과 더불어 300여 점의 수석도 전시하였다. 총 1,750여 종의 식물이 전시되어 있고 25개의 테마 정원으로 구성되어 있으며, 도심에서 가까운 도시형 수목원으로 관찰, 견학, 학습 탐구, 휴식에 대구 시민의 사랑을 받고 있다. 대구수목원에서는 어린이와 청소년 대상 체험교실을 운영하고 있다. 어린이 자연학교는 여름방학 기간 중에 운영된다. 청소년 그린스쿨은 초·중·고등학생을 대상으로 운영되는 프로그램이다. 이외에 조경 교육지도자 교육 등 다양한 식물 관련 교육 행사가 개최된다. 그리고 수목원 인근에는 앞산과 두류 공원이 위치하고 있으며, 대구에는 팔공산과 비슬산이 자리하고 있어 양대 명산을 관광 및 등산하는 방문객들은 대구수목원을 연계하여 관광코스 및 휴식공간으로 활용하고 있다.'),
      (13, 5, 1622215, '1956년 농업용 목적으로 축조하였으나 풍암택지 개발과 더불어 이용객이 증가함에 따라 99년부터 국토공원화 시범사업으로 전통정자와 목교등을 설치하여 물과 전통이 조화를 이루는 광주의 상징적 쉼터로 개발하여 1일 수백명의 이용객이 찾고있다.<br>'),
      (14, 5, 2945278, 'BTS 벽화와 펭귄 빵\n7~80년대 이후 노후한 마을에 거주하던 어르신 4~5명이 고철 작품 등으로 꾸미기 시작하며 공예 거리로 탈바꿈해 지금에 이르렀다. 이곳에 광주가 고향인 제이홉의 벽화가 두 점 있는데, 마을 내에서 특정 인물을 그려 넣은 유일한 벽화이다. 2020년 그의 생일을 기념하여 중국 팬들의 후원으로 제작되었다. 마을 협동조합 카페 근처에 벽화가 있어 벽화 관람 후 카페에서 펭귄 빵을 구입하는 코스가 인기다.'),
      (15, 5, 129443, '광주호(光州湖)의 호숫가 인근 184,948m²의 부지에 자연관찰원, 자연학습장, 잔디 휴식광장, 수변 습지 등 테마별 단지로 조성된 생태공원이다. 광주 시내에서 약 30분 정도 거리에 있어, 시민들이 찾기가 좋아 2006년 3월에 개장한 후 아이들의 자연 생태학습장이자 시민들의 휴식공간으로 이용된다.\n\n전체적으로 조용하고 시원한 느낌을 받는 공원으로,  추운 날씨가 아니라면 꽃이나 동·식물들의 생태자료를 직접 볼 수 있다. 진달래, 개나리, 자산홍, 장미, 철쭉, 수국 등 형형색색의 야생화 17만 본이 심어진 테마별  꽃단지와 부엽식물원, 수변부 관찰 데크, 암석원, 그리고 때죽나무, 모과나무, 벽도동,  단풍나무 등 3,000여 그루의 나무 등을 볼 수 있다. 또한 늪지에서 각종 새가 실제로 부화하고  성장하는 과정을 볼 수 있다. 메타세쿼이아 양편 가로수 사이로 목재계단을 조성하였다.'),
      (16, 6, 1997221, '감천문화마을은 1950년대 6.25 피난민의 힘겨운 삶의 터전으로 시작되어 현재에 이르기까지 부산의 역사를 그대로 간직하고 있는 곳이다. 산자락을 따라 질서 정연하게 늘어선 계단식 집단 주거형태와 모든 길이 통하는 미로같은 골목길의 경관은 감천만의 독특함을 보여준다.부산의 낙후된 달동네였지만 문화예술을 가미한 도시재생사업을 추진하면서 지금은 연간 185만명의 국내외 관광객이 다녀가는 대표 관광명소가 되었다. 산비탈을 따라 계단식으로 들어선 아름다운 파스텔톤의 집들과 미로와 같은 골목길이 있어 한국의 마추픽추, 산토리니로 불린다. 2016년 대한민국 공간문화대상 최고상인 대통령상을 수상하기도 했다.감천문화마을에서는 아름다운 자연과 어우러진 그림같은 마을의 풍경을 즐기면서, 골목골목 설치된 다양한 형태의 작품을 감상할 수 있으며, 감천문화마을 내 입주작가들의 공방을 통해 다양한 공예 체험도 가능하여 관광객들이 끊임없이 찾고 있다.'),
      (17, 6, 1277679, '부산타워는 부산 원도심 용두산공원에 있는 120m 높이의 전망대이다. 전망대에서 내려다보는 부산항과 영도의 멋진 전망은 관광객들에게 많은 감동을 주고 있으며 밤에는 부산의 화려한 야경과 불꽃맵핑쇼도 펼쳐져 낭만적인 추억을 남기기에도 좋은 곳이다. 타워 상층에는 전망대가 하층에는 하늘을 나는 잠수함 컨셉으로 다양한 놀이 시설들이 있으며, 2층으로 내려오면 화려한 포토존과 부산을 상징하는 대표 여행지를 컬러로 꾸민 방도 있다.'),
      (18, 6, 2557807, '해수욕장 동편에 있는 거북섬을 육지와 있는 다리인 구름산책로는 일부구간은 투명 강화유리로 되어있어 바다 한가운데를 걸어가는 느낌을 느낄 수 있다. 바다 위를 거닐며, 수많은 배가 정박해 있는 송도연안과 송도해수욕장을 한눈에 볼 수 있어 부산 해수욕장의 새로운 랜드마크로 부상하고 있다. 2015년에 문을 연 송도구름산책로는 바다로 이어지는 365m길이의 다리다. 다리 위에 조성된 강화유리와 매직 그레이팅 구간을 지날 때 바닥을 통해 일렁이는 바다를 볼 수 있어 짜릿한 기분을 만끽할 수 있다.'),
      (19, 7, 127515, '대왕암 공원은 우리나라에서 울주군 간절곶과 함께 해가 가장 빨리 뜨는 대왕암이 있는 곳이다. 산책로에는 숲 그늘과 벚꽃, 동백, 개나리, 목련이 어우러져 있다. 28만평에 달하는 산뜻한 공간을 가진 이 공원 옆에는 일산해수욕장의 모래밭이 펼쳐져 있다. 우리나라 동남단에서 동해 쪽으로 가장 뾰족하게 나온 부분의 끝 지점에 해당하는 대왕암공원은 동해의 길잡이를 하는 울기항로표지소로도 유명하다. 이곳 항로 표지소는 1906년 우리나라에서 세 번째로 세워졌으며, 이곳 송죽원에서는 무료로 방을 빌려주어 아름다운 추억거리를 만들어 갈 수 있도록 민박을 제공하고 있다. 공원입구에서 등대까지 가는 길은 600m 송림이 우거진 길로, 1백여 년 아름드리 자란 키 큰 소나무 그늘이 시원함과 아늑함을 선사한다. 송림을 벗어나면 탁 트인 해안절벽으로 마치 선사시대의 공룡화석들이 푸른 바닷물에 엎드려 있는 듯한 착각을 불러일으킬 정도로 거대한 바위덩어리들의 집합소이다.<br /><br />불그스레한 바위색이 짙푸른 동해 바다색과 대비되어 아주 선명하다.  마주 보이는 대왕암은 하늘로 용솟음치는 용의 모습 그대로다. 점점이 이어진 바위를 기둥삼아 가로놓인 철교를 건너면 대왕암에 발을 딛게 된다. 대왕암으로 향하는 길에 위치한 대왕교는 1995년 현대중공업에서 건립기증한 다리이다. 댕바위 혹은 용이 승천하다 떨어졌다 하여 용추암이라고도 하는 이 바위는 신라 문무왕의 호국룡 전설에 이어지는 이야기가 있다. 왕의 뒤를 이어 세상을 떠난 문무대왕비가 남편처럼 동해의 호국룡이 되고자 이 바위로 바다에 잠겼다는 것이다.대왕암 외에도 괴이하게 생겼다 하여 쓰러뜨리려다 변을 당할 뻔 했다는 남근바위, 그리고 탕건바위와 자살바위, 해변 가까이 떠 있는 바위섬, 처녀봉 등이 시야를 꽉 채운다. 기암 해변의 오른쪽으로는 고 이종산 선생이 세웠다는 구 방어진 수산중학교가 있고 그 아래에 500m 가량의 몽돌 밭이 펼쳐져 바위해안의 운치를 더해 준다. 북쪽에서 바라보면 현대중공업의 공장 전경이 펼쳐져 있다.<br>'),
      (20, 7, 128202, '태화강 국가정원은 1급수 생태하천 태화강을 끼고 있는 친환경 생태 정원으로 시간 제한없이 이용할 수 있는 도심 한 가운데 위치한 울산 관광의 요지이다. 단, 국가정원 홍보 및 전시, 정원해설 등의 편의를 제공하는 안내센터는 9시부터 18시까지, 태화강 국가정원의 명소 중 하나인 은하수길은 매일 일몰 시간부터 23시까지로 운영시간이 정해져 있다.\n울산광역시 중구와 남구에 걸쳐 위치하고 있는 총면적 835,452m2의 하천부지에 조성되어 있으며 생태, 대나무, 계절, 수생, 참여, 무궁화 총 6개의 공간이 있다. 특히, 이곳의 십리대숲은 바람에 부딛히는 대나무의 맑은 소리와 한적하고 아름다은 길로 유명하다. 또한, 유아를 위한 정원 가꾸기, 가족 단위 정원 체험 프로그램 등을 운영 중이다. \n주위에 태화루, 동굴피아, 철새 홍보관을 비롯하여 울산 12경에 속하는 대왕암공원, 동해에서 가장 먼저 해가 떠오르는 간절곶, 선사시대의 역사와 문화를 간직한 반구대 암각화, 신불산 억새평원, 강동·주전의 몽돌해변, 울산대공원 그리고 울산대교 등 자연과 도심이 어우러신 다채로운 관광지가 있다.'),
      (21, 7, 127644, '1960년 이후 중화학공업을 위주로 한 공업도시로서의 울산의 이미지는 ''성장''이라는 긍정적인 면이 있는 반면 공해도시 그리고 삶의 질이 열악한 도시''라는 부정적인 측면이 더 부각되기 시작 하였고, 이러한 상황 속에서 청정제 역할을 할 공원이 절실히 요구되었다.이에 따라 1986년부터 울산광역시는 남구 공업탑 로터리 주변 신정동과 옥동 일대 364만여㎡의 부지를 매입ㆍ제공하였고, SK주식회사는 1996년부터 10년 동안 울산대공원 시설을 조성한 후 이를 울산광역시에 무상 기부하였다.\n이렇게 설립 된 울산 대공원은 시민의 삶의 질 향상에 기여함은 물론, 도시의 균형적 성장의 시작점이 되고 있으며, 산업도시 울산이 산업과 자연이 조화를 이루는 도시로 전환하는 기폭제가 되었다.\n울산대공원은 넓은 부지와 도시내부에 위치하여 시민들이 이용하기 편리하며, 풍부한 산업환경과 울산의 문화를 그대로 느낄 수 있도록 설계되었다.\n남녀노소 다양한 계층을 위한 체험의 장이자 문화와 휴식의 공간이며, 공원의 효율적인 관리를 통하여 생동감 넘치는 다양한 프로그램을 진행한다. 주민들에게 부담없이, 지속적으로 방문할 수 있는 공간이 되고자 자연생태에 관한 교육 및 체험 학습도 제공하고 있다.'),
      (22, 8, 730441, '세종특별자치시에 위치한 베어트리파크는 2009년 5월 개장하였다. 이재연 설립자가 50여 년간 가꾸어온 식물과 동물들이 자라 숲과 군락을 이루어 현재의 베어트리파크가 되었다. 베어트리파크 33만여㎡(10만 평)의 대지에 1,000여 종 40여만 점에 이르는 꽃과 나무, 비단잉어와 반달곰, 꽃사슴 등이 어우러진 곳이다. 백여 마리의 비단잉어가 서식하는 오색연못을 시작으로 수백 마리의 반달곰과 불곰이 재롱을 부리는 모습을 직접 볼 수 있다. 베어트리파크를 한눈에 볼 수 있는 전망대를 시작으로 사시사철 꽃을 피우는 베어트리정원, 아기반달곰과 사슴, 공작새, 원앙 등을 관람할 수 있는 애완동물원 등이 조성되어 있다. 희귀한 소나무를 수집해 조성한 송백원, 고사목과 향나무가 조화를 이룬 하계정원, 수천 송이의 장미를 감상할 수 있는 장미원, 국내 야생화를 모아둔 산책로인 야생화 동산, 다양한 종류의 분재를 만나 볼 수 있는 분재원, 국내에서 보기 힘든 열대 식물을 한자리에 모아 놓은 열대온실원, 선인장과 과목, 나무화석 등 다양한 볼거리가 가득한 만경비원, 수령 100년 이상 된 향나무 사이로 산책로를 조성한 향나무동산, 800년 된 느티나무가 있는 우리나라 지도 모양으로 만든 유럽식 정원 송파원 등이 있다. 11월부터 2월까지 동절기에는 비단잉어 실내 관람 시설에서 먹이 주기 체험이 가능하다. 여러 개의 야외 연못에 분산되어 있던 1,000여 마리의 비단잉어가 따듯한 겨울을 날 수 있도록 한 곳에 모여 더욱 장관을 이룬다. 먹이를 뿌리면 와르르 모여드는 비단잉어 떼를 만나볼 수 있다.'),
      (23, 8, 1946955, '세종호수공원 일원은 전국 최대 규모의 호수공원(69만여㎡), 140여만㎡ 규모의 중앙공원(1단계:‘20.11.4. 개장, 2단계:‘21년 착공), 65만여㎡ 규모의 국립세종수목원(‘20.10.17. 개장)이 연접한 약 275만㎡에 달하는 도심녹지공간(Sejong Central Park)으로, 다양한 식물과 테마형 정원 등을 관람할 수 있는 휴양 및 여가 관광명소다. 세종중앙공원과 세종시청을 잇는 금강보행교(L=1.65km, B=12~30m / ''20.7월 준공)가 건설 중이며, 도심 속에서 자연을 느끼고 체험하는 등 일상 속에서 지친 심신을 힐링할 수 있는 세종시 대표 관광지다. 가족, 커플이 함께 즐길 수 있는 호수 주변 무동력 자전거도 체험해볼 수 있다.<br>'),
      (24, 8, 127821, '공주시에서 대전방향으로 강변을 따라오다가 청벽대교를 건너기 전 오른쪽으로는 유유히 흐르는 금강을 바라보면서 잠시 달리다 보면 오른쪽에 붉은 아치 모양의 불티교가 보인다. 이 불티교를 건너면 이렇게 넓은 자연휴양림이 있을까 싶을 만큼 규모도 크고 잘 정돈된 금강자연휴양림이 모습을 드러낸다. 청벽에 가로막혀 나룻배를 타고 드나들어야 했던 오지 마을인 이곳에 1994년 충남산림환경 연구소가 이전하면서 주변의 잘 보존된 울창한 숲을 금강자연휴양림으로 지정하였고, 1997년 10월에는 산림박물관이 문을 열었다. 금강자연휴양림은 첫인상부터 여느 휴양림과는 다른 느낌을 준다. 울창한 숲 속의 산책로를 떠올리게 하는 휴양림이라기 보다는 잘 정비된 도로위에 산림 박물관, 수목원, 온실, 연못, 야생동물원 등 다양한 볼거리들이 산재해있어 테마파크 같은 인상을 주기 때문이다.'),
      (25, 31, 128918, '두물머리[兩水里]는 금강산에서 흘러내린 북한강과 강원도 금대봉 기슭 검룡소(儉龍沼)에서 발원한 남한강의 두 물이 합쳐지는 곳이라는 의미이며 양수리에서도 나루터를 중심으로 한 장소를 가리킨다. TV 드라마나 영화를 통해 널리 알려진 곳이며 결혼 기념사진 촬영 장소로 인기가 높다. 예전에는 이곳의 나루터가 남한강 최상류의 물길이 있는 강원도 정선군과 충청북도 단양군, 그리고 물길의 종착지인 서울 뚝섬과 마포나루를 이어주던 마지막 정착지인 탓에 매우 번창하였다. 그러다가 1973년 팔당댐이 완공되고 일대가 그린벨트로 지정되자 어로 행위 및 선박 건조가 금지되면서 나루터 기능이 정지되었다. 사유지이지만, 이른 아침에 피어나는 물안개, 옛 영화가 얽힌 나루터, 강으로 늘어진 많은 수양버들 등 강가 마을 특유의 아름다운 경관으로 인해 웨딩·영화·광고·드라마 촬영 장소로 자주 이용되고 있다. 또 사진동호인들의 최고 인기 촬영장이기도 한데, 특히 겨울 설경과 일몰이 아름다운 것으로 알려져 있다.\n\n두물머리의 또 다른 볼거리는 바로 느티나무이다. 수령은 400년이며, 세 그루의 느티나무가 마치 한 그루처럼 우산형의 수관(樹冠)을 형성하고 있는 두물머리 마을의 정자목이다. 중심부에 있는 가장 큰 나무는 근원부터 갈라진 모양을 보아 원래 두 그루였던 것이 합쳐져 자란 것으로 추정된다. 중간 크기의 나무는 지상부 1.2m 부위에서 갈라지는 두 줄기가 서로 교차되면서 장방형의 공간을 만들고 있는데 큰 나무 쪽으로의 가지는 거의 발달되지 않아 수형이 불균형하다. 물가에서 가장 가까운 작은 나무는 강 쪽으로 가지가 발달하여 큰 나무 쪽으로는 가지가 거의 없다.'),
      (26, 31, 2649975, '1912년 일제가 자원수탈을 목적으로 개발을 시작한 광명동굴(구. 시흥광산)은 일제강점기 징용과 수탈의 현장이자 해방 후 근대화ㆍ산업화의 흔적을 고스란히 간직한 산업유산이다. 1972년 폐광된 후 40여 년간 새우젓 창고로 쓰이며 잠들어 있던 광명동굴을 2011년 광명시가 매입하여 역사ㆍ문화 관광명소로 탈바꿈시켰다. 광명동굴은 산업유산으로서의 가치와 문화적 가치가 결합된 대한민국 최고의 동굴테마파크라는 평가를 받고 있으며 연간 100만 명 이상의 관광객이 찾는 세계가 놀란 폐광의 기적을 이루었다.\n(출처 : 광명동굴 홈페이지)'),
      (27, 31, 2602619, '남양주 물의 정원은 국토교통부가 2012년 한강 살리기 사업으로 조성한 484,188㎡의 광대한 면적의 수변생태공원으로 조성되었다. 인근에 사는 주민들에게 물의 정원은 산책로와 자전거도로를 따라 조깅을 즐기고 라이딩을 즐기기 위해 방문하는 ‘동네공원이지만, 외부인들에게는 일부러 시간 내서 데이트하러 오는 관광지이기도 하다.<br /><br />물의정원은 자연과 소통하여 몸과 마음을 정화하고 치유하는 자연친화적 휴식공간이다.<br /><br />물의정원 상징교인 뱃나들이교를 건너면 강변산책로변으로 대단지 초화 단지가 조성되어 5월에는 양귀비, 9월에는 노랑코스모스를 만끽할 수 있다. 수려한 북한강과 초화단지가 어우러진다.<br>'),
      (28, 32, 2396037, '강 위로 시원하게 뻗은 소양강스카이워크는 전체 길이가 174m, 그중 바닥이 투명 강화유리로 된 구간이 무려 156m에 이른다. 교량 끝부분에는 원형 광장과 날개처럼 뻗은 전망대를 설치했다. 잠시 머물며 풍경을 감상하기 좋다. 바닥이 투명한 원형 광장에 앉아 기념사진을 남기기도 한다. 원형 광장 맞은편에는 일명 ‘쏘가리상’이라 불리는 조각상이 있다. 정해진 시간에 조각상에서 분수가 나온다. 소양강스카이워크 입구에는 아기자기한 포토존과 테라스를 마련했고 바로 옆에는 춘천 랜드마크라 불리는 소양2교와 소양강처녀상이 자리한다. 일몰 후 화려한 조명으로 물드는 스카이워크 야경도 놓치지 말자.'),
      (29, 32, 129000, '동해시의 명소 추암 촛대바위는 수중의 기암 괴석이 바다를 배경으로 촛대바위와 함께 어울려 빚어내는 비경으로 감탄을 자아내는 장소다. 촛대처럼 생긴 기이하고 절묘한 모습의 바위가 무리를 이루며 하늘을 찌를 듯 솟아오른 모습은 가히 장관이다. 촛대바위와 주변 기암괴석군을 둘러싼 바다는 수시로 그 모습을 바꾼다. 파도 거친 날에는 흰거품에 가려지며 승천하는 용의 모습을 닮기도 하고 파도 잔잔한 날에는 깊은 호수와 같은 느낌을 주기도 한다. 이곳 해돋이는 워낙 유명해 많은 여행객들과 사진작가들로  붐비는 곳이기도 하다. 우암 송시열도 이곳을 둘러보고는 발길을 떼지 못했다는 말이 전해지는 곳이다. 촛대바위, 형제바위의 일출은 애국가 첫 소절의 배경화면으로도 자주 나온 곳이다.\n\n* 촛대바위의 전설\n 옛날에 한 어부가 살았는데, 그 어부에게는 정실이 있었다고 한다. 그 정실이 얼굴이 밉상이었는지, 마음이 고약하였는지는 모르겠으나, 어부는 첩을 들였다고 한다. 그런데 그 첩이 천하일색이라, 정실의 시기를 사고 말았고, 밥만 먹으면 처첩이 서로 아웅다웅 싸우는데, 종래는 하늘도 그 꼴을 보지 못하고, 그 두 여인을 데리고 갔단다. 그러자 홀로 남은 어부는 하늘로 가버린 두 여인을 그리며 그 바닷가 그 자리에 하염없이 서 있다가 망부석처럼 바위가 되었는데, 그 바위가 지금의 촛대바위라고 한다고 한다. 지금의 촛대바위 자리에 원래는 돌기둥이 세 개가 있었다. 그런데 작은 기둥 2개가 벼락을 맞아서 부러졌는데, 그것을 두고 민가에서 야담으로 꾸민 이야기가 구전으로 내려오는 이야기라고 한다. <br>'),
      (30, 32, 125779, '속초시 동명동 속초등대 밑의 바닷가에 크고 넓은 바위들이 깔려있는 곳이 영금정이다. 지명의 유래는 파도가 바위에 부딪치면 신묘한 율곡이 들려 이 소리를 신령한 ‘거문고’ 소리와 같다고 하여 영금정이라 불린다. 시내에서 가까운 거리에 위치하고 있고, 경치가 빼어나 사시사철 속초시민이 피서와 낚시를 즐기는 곳이다. 현재는 속초시에서 영금정 일대를 관광지로 개발하여, 남쪽 방파제 부근으로 실제 정자를 하나 만들어 놓았다. 이 정자는 영금정 바위 위에 세워진 해상 정자로 50m 정도의 다리를 건너 들어갈 수 있다. 해상 정자에서 바다를 바라보는 느낌은 방파제와는 또 다른 시원한 느낌을 주지만, 정자 자체는 아주 촌스럽게 만들어진 콘크리트 정자여서 아쉬움이 남는다. 대개 해돋이 정자라고 부르는데, 정자 현판에는 영금정(靈琴亭)이라는 글을 써 놓았다.<br>'),
      (31, 33, 125913, '도담삼봉은 조선 개국에 공을 세운 정도전이 유년시절을 보낸 곳으로 자신의 호를 삼봉이라 할 만큼 도담삼봉의 아름다움에 빠졌다고 전해진다. 퇴계이황, 겸재 정선, 단원 김홍도 등이 사랑한 도담삼봉의 풍경을 눈앞에서 볼 수 있다. 유원지 내에 위치한 삼봉스토리관은 단양의 명소를 아카이브로 전시하고 있다. 황포돛배를 승선하면 석문을 경유하여 건너편 도담 정원으로 넘어갈 수 있다. 도담정원은 황화 코스모스 식재지로 유명하다. 도담삼봉의 풍경과 함께 자연의 아름다움을 한껏 느낄 수 있다.'),
      (32, 33, 129648, '* 기암과 계곡과의 만남이 장관을 이루는 사인암 *<br>대강면 사인암리에 위치한 사인암은 선암계곡의  상.중,하선암과 함께 단양군 동남쪽에 있는 단양팔경 중 하나이다. 단양  남쪽 남조천변의 푸르고 깊은 계류를 끼고 있는 높이 70m의 기암절벽이다. 단양팔경을 방문하는 관광객 대부분은 도로 여건상  사인암을 가장 먼저 방문하는 경우가 많다. 사인암 앞으로 흐르는 계곡을 운선구곡이라  하며 단양팔경 중에서도 제일 빼어난 경승지로 손꼽는다. 암벽에 \"탁루불군  확호불발 독립불구 돈세무민\" 즉 \"뛰어난 것은 무리에 비유할 것이 아니며  확실하게 빼지 못한다. 혼자서도 두려운 것이 없으며, 세상에 은둔해도 근심함이  없다\"라는 우탁 선생 친필 각자가 있고, 암상에는 노송까지 곁들여, 마치 해금강을  연상하게 한다.<br><br> * 사인암이라는 이름의 유래 *<br> 사인암이라는 이름의 유래는 고려 때 유학자인 역동(易東)  우탁(禹倬) 선생의 행적 때문에 지어진 이름이다. 당시 우탁은 임금을 보필하는 직책인  정 4품 ''사인(舍人)''이라는 벼슬을 지냈고 이후 그의 고향인 단양 땅으로 낙향하여  이곳에 머물며 후학을 가르쳤다. 이런 연유로 인해 조선 성종 때 단양 군수가 우탁  선생을 기리기 위해 이 바위를 사인암이라 지었다고 전해진다.<br>'),
      (33, 33, 127916, '청남대는 대청호반에 자리 잡고 있는 청남대는 ‘따뜻한 남쪽의 청와대’라는 뜻으로 1983년부터 대한민국 대통령의 공식 별장으로 이용되던 곳이다. 총면적은 184만 4천㎡로, 주요 시설로는 본관을 중심으로 골프장, 그늘집, 헬기장, 양어장, 오각정, 초가정 등이 있고, 개방 전까지 총 다섯 분의 대통령이 88회 이용하였으며, 2003년 4월 18일 일반인에게 개방되었다.\n사계(四季)에 따라 제 모습을 바꾸는 조경수 124종 11만 6천여 그루와 야생화 143종 35만여 본은 청남대의 또 다른 자랑거리 중 하나이다. 자연생태계도 잘 보존되어 천연기념물 수달, 날다람쥐와 멧돼지, 고라니, 삵, 너구리, 꿩 등이 서식하고 있으며 각종 철새의 도래지이기도 하다.\n청남대에 비경을 한눈에 담을 수 있는 ‘행복의 계단’, 신선놀음하듯 푸른 대청호와 청남대를 굽어볼 수 있는 전망대가 있다. 시간이 여유롭다면 ‘청남대 대통령길 완주 스탬프 릴레이’와 함께 자연 속 풍요로운 하루를 만끽할 수 있다.'),
      (34, 34, 126847, '당진 삽교호는 당진시 삽교천 하구를 막아 만든 호수로 이곳은 예로부터 중국으로 통하는 중요한 바닷길이었던 곳이다. 그러다 1979년에 삽교천 지구 농업종합 개발사업의 일환으로 정부에서 당진시 신평면 운정리와 아산시 인주면 문방리 간 3,360m의 삽교천 방조제를 축조하여 당진, 아산, 예산, 홍성 2만 4,700ha에 대한 관개시설로 활용하였다. \n서해 바다, 호수, 서해대교가 한눈에 펼쳐지는 경관이 아름답고, 서해안 산업도로 개설로 삽교호는 국민관광지로 급부상하게 되었다. 또한 해군 퇴역 군함, 항공기, 전차 등 해군 관련 장비를 활용한 우리나라 최초의 함상공원이 조성되어 관광객의 발길이 이어지고 있다. 삽교호 주변으로 수산시장, 해양테마과학관, 바다공원, 생활체육공원, 월드아트서커스공연장, 놀이동산, 각종 맛집 등이 있어 볼거리, 즐길거리, 먹을거리도 풍부한 곳이다.\n당진 삽교호는 국도 34호선과 38호선에서 삽교천길을 통해 접근할 수 있으며, 고속도로는 서해안고속도로 송악IC, 당진IC가 가깝다. 대중교통은 삽교천시외버스터미널을 이용할 수 있다. 주변에는 솔뫼성지, 행담도 등이 있다.'),
      (35, 34, 2606725, '곡교천 은행나무길은 ‘전국의 아름다운 10대 가로수길’로 선정된 충남 아산의 명소다. 현충사 입구의 곡교천 충무교에서부터 현충사 입구까지 2.2㎞ 길이의 도로에 조성되어 있다. 350여 그루의 은행나무가 일제히 노란 빛을 내는 가을이면 평일에도 많은 인파가 몰려들고, 휴일이면 찾아오는 사람들로 인산인해를 이룬다. 현충사를 찾는 관광객에게는 꼭 들러야 하는 필수 여행코스다. 청명한 가을 하늘을 배경으로 한 노란 은행나무길은 가을 정취를 만끽하고, 사진으로 남겨두기에 적격이다. 봄이면 유채꽃이 피어 또 다른 멋을 선사한다.<br>'),
      (36, 34, 125885, '태조산은 천안의 진산으로 유량천, 산방천의 분수령을 이루고 있고 정상에 오르면 천안을 한눈에 내려다볼 수 있다. 고려 태조 왕건이 이 산을 중심으로 해서 군사 양병을 했다는 설에 인연하여 ‘태조산’이라는 이름이 지어졌다고 전해온다. 대한불교 조계종 각원사는 남북통일을 기원하기 위해 불교신도들과 많은 사람들의 정성 어린 성금들에 의해 1977년 5월 9일이 곳 태조산 중봉에 봉안하였다. 청동대불은 높이 15M, 둘레 30M, 귀 길이 175cm, 손톱 길이 30cm, 무게 청동 60ton의 청동좌불은 태조산 주봉을 뒤로하여 서향을 바라보며 자비의 미소로 많은 중생들을 맞이하고 있다. 대좌불 좌측에 국내에서 규모가 가장 큰 대웅보전과 요사채를 비롯한 사찰 건물이 짜임새 있게 배치되어 많은 사람들의 기도처로 유명하다.'),
      (37, 35, 126017, '백두대간 조령산 마루를 넘는 이 재는 예로부터 한강과 낙동강유역을 잇는 영남대로상의 가장 높고 험한 고개로 사회 문화 경제의 유통과 국방상의 요충지였다. 새재(鳥嶺)는 「새도 날아서 넘기 힘든 고개」, 새로 된 고개의 「새(新)재」 등의 뜻이라고도 한다.\n임진왜란 뒤에 이곳에 3개(주흘관, 조곡관, 조령관)의 관문(사적 제 147호)을 설치하여 국방의 요새로 삼았다. 이 곳은 자연경관이 빼어나고 유서 깊은 유적과 설화·민요 등으로 이름 높은 곳이다. 이 곳에는 나그네의 숙소인 원터, 신구 경상도관찰사가 관인을 주고 받았다는 교귀정터만 남아있는 것을 1999년 중창하였고, 옛날에 산불을 막기 위하여 세워진 한글 표석 [산불됴심] 비(지방문화재자료 제226호)가 남아있다. 역사에 얽힌 갖가지 전설을 비롯하여 임진왜란과 신립장군, 동학과 의병이 남긴 사담이 골골이 서리어 있는 역사의 현장이다. 이 일대를 1974년 지방기념물(제18호), 1981년 도립공원으로 지정, 보호하고 있어 전국에서 관람객이 많이 찾고 있는 곳이다. 혜국사 충렬비, 조령원지, 동화원지 등 많은 문화자원과 수옥폭포, 여궁폭포, 팔왕폭포, 영천약수 등이 자연경관을 이루고, 특히, 수안보온천과 문경온천, 문경도요지, 희양산의 봉암사, 선유동계곡과도 연계되고 있어 많은 관광객들이 찾고 있다.\n또한 문경새재 일원에서 관찰되는 식물자원을 서식처별로 분류하여 습생초지원, 생태습지, 생태연못, 건생초지원, 야생화원을 테마로 조성하여 탐방객에서 생태학습 및 생태관광을 할 수 있는 자연생태공원과 생태미로공원이 있으며, 한국방송공사가 고려시대를 배경으로 사극 대하드라마를 촬영하기 위하여 2000년 2월 23일문경새재 제1관문 뒤 용사골에 건립한 KBS 촬영장이 있다. 문경새재의 조령산과 주흘산의 산세가 고려의 수도 개성의 송악산과 흡사할 뿐만 아니라 옛길이 잘 보존되어 있어 사극 촬영장으로 매우 적합하여 그동안 KBS 대하드라마 태조왕건, 제국의 아침, 무인시대, 대조영, 대왕세종 등의 촬영 주무대가 되었고 영화는 스캔들, 낭만자객 등을 촬영하였던 곳으로 많은 관광객에게 볼거리, 즐길거리를 제공한다.\n또한 주흘산(1,106m)은 험한 계곡에 이루어진 풍치가 매우 아름다운 곳으로 트레킹과 등산하기에도 좋은 코스를 지니고 있다.\n\n주흘산 제1코스 : 제1관문-충렬사-여궁폭포-혜국사-대궐터-주흘주봉-혜국사-제1관문, 총 9km 5시간 소요\n주흘산 제2코스 : 제1관문-충렬사-여궁폭포-혜국사-대궐터-주흘주봉-꽃밭서들-제2관문-제1관문, 총 12.5km  6시간 소요\n주흘산제3코스 : 제1관문-충렬사-여궁폭포-혜국사-대궐터-주흘주봉-주흘영봉-부봉1~6봉-동화원터-제2관문-제1관문, 총 16.2km 8시간 소요'),
      (38, 35, 2756910, '불국사와 멀지 않은 곳에 아버지, 어머니 대의 역사를 담은 근대사 박물관 추억의 달동네가 있다. 추억의 달동네에서는 1970~80년대의 생활상을 재현해놓은 콘텐츠를 접할 수 있다. 지금은 쓰지 않는 낡은 라디오, 그것을 고치는 전파상, 골목 점방, 초등학교 아닌 국민학교 교실까지. 근래 반세기 우리네 생활상을 그대로 옮겨 두었다. 추억의 간식 달고나 체험, 추억의 교복체험 등 다양한 체험프로그램도 마련되어 있다.<br>사진 출처: 경주문화관광 홈페이지'),
      (39, 35, 2603500, '국가지질공원으로 지정된 양남 주상절리군을 한눈에 조망할 수 있는 전망대로 지난 2017년 10월 지어졌다. 양남 주상절리는 양남면 읍천리의 해안을 따라 발달한 주상절리군이다. 위로 솟은 주상절리뿐만 아니라, 부채꼴 주상절리, 기울어진 주상절리, 누워있는 주상절리 등 다양한 형태의 주상절리를 관찰할 수 있다. 그중에서도 압권은 펴진 부채 모양과 같이 둥글게 펼쳐진 부채꼴 주상절리이다. 세계적으로도 유례를 찾기 어려운 아주 희귀한 형태로, 지난 2012년 9월 천연기념물로 지정되었다. 주상절리 전망대에서는 상절리 전망대 안에는 양남 주상절리를 비롯한 다양한 지질자원들에 대한 전시 콘텐츠를 관람할 수 있다. 또한, 지질 해설사가 상주해 관람객들에게 해설도 제공한다.'),
      (40, 36, 127778, '남해의 가천 다랭이마을은 바다를 끼고 있지만 배 한 척 없는 마을이다. 마을이 해안절벽을 끼고 있는 탓이다. 방파제는 고사하고 선착장 하나도 만들 수 없다 보니 마을주민들은 척박한 땅을 개간해 농사를 짓기 시작했다. 한 층 한 층 석축을 쌓아 만든 다랭이 논(명승 제15호)은 그렇게 태어났다. 가천다랭이마을 체험은 남해인의 억척스러움이 고스란히 묻어있는 다랭이 논을 돌아보는 것으로 시작한다. 들쭉날쭉 제 멋대로 생긴 논들이지만 그 사이사이로 산뜻한 산책로와 전망대가 마련돼 있어 편안히 돌아볼 수 있다. 다랭이의 명물인 암수바위(경남민속자료 제13호)와 밥무덤, 구름다리, 몽돌해변 등을 돌아보는 데 1시간 남짓 시간이 소요된다. 마을을 돌아보는 동안 안내를 맡은 마을주민에게서 마을 유래에 얽힌 재미있는 흥미로운 이야기들도 들을 수 있다.<br>'),
      (41, 36, 129479, '남부면 해금강마을 가기 전 도장포 마을이 있다. 좌측으로 내려가면 도장포 유람선선착장이 있어 외도, 해금강 관광을 할 수 있으며, 매표소에서 바라다 보이는 언덕이 바람의 언덕이다. 이곳은 잔디로 이루어진  민둥산이며 바다가 시원스레 바라다 보이는 전망이 좋은 곳이다. TV드라마 이브의 화원(2003년 SBS 아침드라마), 회전목마(2004년 MBC 수목드라마)가 방영되면서 많은 관광객이 찾게 되었고, ‘바람의 언덕’이란 지명도 최근에 이 지역을 사랑하는 이들에게서 생겨난 것으로 여겨진다. 도장포 마을 바닷가 선착장에서 나무로 만들어진 산책로를 따라 언덕으로 한걸음 한걸음 가다 보면 바다 넘어 노자산을 등지고 자리 잡은 몽돌해변으로 유명한 학동마을의 전경을 볼 수 있다. 이곳 ‘바람의 언덕’은 지리적인 영향으로 해풍이 많은 곳이기에 자생하는 식물들 또한 생태 환경의 영향을 받아 대부분의 식물들은 키가 작은 편이다. ‘바람의 언덕’ 윗자락에는 오랜 세월 해풍을 맞으며 뿌리를 내린 수령 높은 동백나무 군락이 있다. 주름진 듯 나이를 먹은 동백나무의 상처난 수피는 세월 그 자체로 남아 세상의 모든 꽃들이 몸을 사리는 한겨울에 당당하게 핏빛 꽃망울을 펼쳐 고단한 생을 위안한다.'),
      (42, 36, 132146, '김동리의 소설 역마의 배경이 된 곳으로도 유명한 화개장터는 영호남의 접경에 위치하여 남해안의 수산물과 소금, 비옥한 호남평야의 곡물, 지리산록의 산채와 목기류들의 집산지로써, 하동포구의 발달된 수로를 통해 전국으로 유통되어 조선 중엽부터 해방전까지 번성기를 맞아 전국적으로 손꼽히는 시장이 되었다. 그러나 교통과 유통구조의 발달로 쇠퇴하여 옛날 모습의 자취를 감추었다.\n화개장터는 지리산에서 시작한 화개천과 섬진강이 합류하는 지점에서 열리던 전통적인 재래식시장이며 5일장이 활발하게 이루어졌던 곳이다. 최근에는 상시시장이 개장되어 특별히 5일장이 따로 서지는 않는다.\n&nbsp;조영남의 \"화개장터\" 노래로 유명해진 화개장터를 찾는 많은 사람들의 기대를 충족시키고 옛 정취를 느낄 수 있는 전통적인 모습으로 복원하기 위해 부지 2,540 여평에 사업비 16억원을 들여 재래식 장옥과 녹차전문상가 등 편의시설 조성하여 2001. 4. 5 제 9회 화개장터 벚꽃축제 개막과 함께 개장을 하여 상설시장으로 운영되고 있다.'),
      (43, 37, 2605528, '경암동 철길마을은 1944년 개설된 철도 주변에 사람들이 모여 살기 시작하며 마을이 형성된 곳으로, 현재는 기차는 운행하지 않지만, 철길이 그대로 남아 근대 추억을 자극하는 군산의 관광명소이다. \n경암동 철길은 일제 강점기에 신문 용지 재료를 실어 나르기 위해 최초로 개설되었다. 1944년 전라북도 군산시 경암동에 준공하여 페이퍼 코리아 공장과 군산역을 연결하는 총연장 2.5km 철로다. 명칭의 유래는 마을이 위치한 행정 구역 명칭에 따라 주변에 형성된 마을을 경암동 철길 마을이라 불렀다. 개설된 철도 주변에 사람들이 모여 살기 시작하면서 동네를 이루었고 1970년대 들어 본격적으로 마을이 형성되었다. \n이곳은 우리나라 70~80년도의 풍경을 재현하여 레트로 감성을 느낄 수 있는 곳으로 유명하다. 곳곳에는 오래된 주택과 가게들이 남아 있어, 마치 과거로 시간 여행을 온 듯한 느낌을 받을 수 있다. 또한, 철길 양옆으로 뽑기, 달고나, 딱지 등을 팔고 있고, 예전의 교복을 입고 사진 찍기 등 먹거리, 즐길거리가 있어 여행객들에게 인기가 많다.'),
      (44, 37, 2606603, '자만벽화마을은 전주 한옥마을과 도로 하나를 사이에 두고 산언덕에 고즈넉이 자리한 곳이다. 승암산 능선 아래 무수히 많은 가옥이 촘촘히 들어서 있는 이곳은 원래 한국전쟁 때 피난민들이 하나둘씩 정착하면서 형성한 평범한 달동네였으나, 2012년 녹색 둘레길 사업의 일환으로 골목길 40여 채의 주택 곳곳에 벽화가 그려지면서 유명해졌다. 골목이나 담장별로 꽃, 동화, 풍경 등을 테마로 한 다양한 스타일의 벽화들이 그려져 있어 지루하지 않게 하나하나 보는 재미가 쏠쏠하다. 조용히 산책하다 보면 태조 이성계의 4대조 목조(穆祖) 이안사(李安社)가 살았던 곳을 표시한 자만동금표(滋滿洞禁標)와 푸른 하늘과 함께 전주 시내를 한눈에 살펴볼 수 있는 벽화마을의 명소 ''''옥상 정원''''을 만날 수 있다. 아기자기한 카페와 게스트하우스, 식당도 있으며, 대략 30분 정도면 다 돌아볼 수 있다. 근처에 있는 오목대와 이목대가 있어 문화재 탐방코스로도 많은 호응을 얻고 있다.'),
      (45, 37, 1594796, '* 전주 한옥마을의 새로운 랜드마크 남천교와 청연루 *<br /><br />전주시 교동 한옥마을과 서학동을 잇는 남천교, 그리고 남천교 위에 세워진 팔작지붕을 한 청연루가 ‘전주 남천교 명품화사업’을 통하여 한옥마을의 새로운 랜드마크로 자리매김하고 있다. 남천교 주변의 미관 향상과 한옥마을의 인프라 확충을 위해 인근 도로, 하천, 건물을 단계적으로 정비하고 있다. 남천교(길이 82.5m, 폭 25m)는 이 자리에 있던 옛 홍예교의 이미지를 살려 아치형 교량 구조를 하고 있다. 다리 위에 세워진 청연루(晴烟樓)는 전주 8경 중 하나인 한벽청연(寒碧晴煙)인 한벽당(寒碧堂, 누각)과 대칭적 의미로 붙여진 이름이다. 청연루에 올라 앉아 동쪽을 바라보면 멀리 기린봉 자락에 자리 잡은 동고사가 아스라이 보인다.<br /><br />* 전주천 상류 남천교 위에 세워진 팔작지붕 형태의 청연루 *<br /><br />남천교 위에 기와로 지붕을 얹고 목재로 기둥을 세워 청연루를 만들어 놓았는데, 그 모습이 천년고도다운 격조가 있고 고풍이 완연하다. 완산팔경 가운데 하나가 ‘한벽청연’이다. ‘한벽’과 ‘청연’을 대구로 사용해서 다리 위쪽으로 한벽루가 있으니, 그 아래쪽에다가 청연루를 지은 것이다. 다리 위에 이런 정자가 있으니 여름엔 아주 시원할 듯하다. 무지개 모양의 교각과 한옥 모양의 다리가 아름다움을 자아낸다. 역시 전주는 한옥이 강세이다.<br>'),
      (46, 38, 128834, '* 울창한 대숲의 죽림욕장, 죽녹원 *\n죽녹원은 관방제림과 영산강의 시원인 담양천을 끼고 있는 향교를 지나면 바로 왼편에 보이는 대숲이다. 약 16만㎡의 울창한 대숲으로 담양군이 성안산 일대를 조성하여 2003년 5월 개원했다. 죽녹원 입구에서 돌계단을 하나씩 하나씩 밟고 오르며 굳어있던 몸을 풀리고 대나무 사이로 불어오는 댓바람이 일상에 지쳐있는 심신에 청량감을 불어넣어 준다. 또한 댓잎의 사각거리는 소리를 들으며 빽빽이 들어서 있는 대나무 숲길을 걷노라면 푸른 댓잎을 통과해 쏟아지는 햇살의 기운을 온몸으로 받아내는 기분 또한 신선하다. 죽녹원 안에는 대나무 잎에서 떨어지는 이슬을 먹고 자란다는 죽로차(竹露)가 자생하고 있다. 죽림욕을 즐기고 난 후 죽로차 한 잔으로 마음의 여유까지 느껴볼 수 있는 곳이다.\n\n* 죽녹원에서 죽림욕 즐기기 *\n죽녹원에는 죽림욕을 즐길 수 있는 총 2.2km의 산책로가 조성되어 있다. 운수대통길, 죽마고우길, 철학자의 길 등 8가지 주제의 길로 구성되어 있는데, 죽녹원전망대로부터 산책로가 시작된다. 전망대에서는 담양천을 비롯하여 수령 300년이 넘은 고목들로 조성된 담양 관방제림과 담양의 명물인 메타세쿼이아 가로수길 등이 한눈에 내려다보인다. 생태전시관, 인공폭포, 생태연못, 야외공연장이 있으며 밤에도 산책을 할 수 있도록 대숲에 조명을 설치했다.'),
      (47, 38, 2652577, '메타 프로방스는 연간 약 500만 명의 관광객이 방문하는 전라남도 담양에 조성되어 있는 관광단지로 대한민국에서 가장 아름다운 가로수길로 선정된 담양 메타세쿼이아 길 바로 옆에 위치해 있으며 휴양지로 유명한 프랑스의 도시 프로방스를 그대로 옮겨놓은 듯한 감성을 가지고 있다. 메타 프로방스는 개인 관광객 뿐만 아니라 가족 및 동호회 단위의 관광객들을 위한 패션 거리, 디자인 공방과 체험관, 상업 공간, 그리고 연회장 등 문화와 예술, 비즈니스가 공존하는 열린 공간으로 이루어져 있으며, 다양하고 차별화된 양질의 서비스를 통하여 찾아주시는 모든 분들께 특별한 추억과 새로운 경험을 드릴 수 있도록 노력하고 있다.'),
      (48, 38, 127931, '삼한시대 마한땅, 백제 때 파지성, 고려 때 낙안군 고을터며, 조선시대 성과 동헌, 객사,  임경업장군비, 장터, 초가가 원형대로 보존되어, 성과 마을이 함께 국내 최초로 사적에 지정되었다. 조선 태조 6년(1397) 왜구가 침입하자 이 고장 출신 양혜공 김빈길 장군이 의병을 일으켜 토성을 쌓아 방어에 나섰고 300년 후, 인조 4년(1626) 충민공 임경업 장군이 낙안 군수로 부임하여 현재의 석성으로 중수했다. 다른 지역 성과는 달리 넓은 평야 지대에 1~2m 크기의 정방형의 자연석을 이용하여 높이 4m, 너비3~4m, 성곽 총길이가 1,410m로 동내, 남내, 서내 등  3개 마을 생활근거지를 감싸안은 듯 장방형으로 견고하게 축조되어, 400년이 가까운 지금도 끊긴 데가 없고 웅장하기 이를 데 없다. 지금도 많은 세대가 실제 생활하고 있는 민속 고유의 전통마을로서, 민속학술자료는 물론 역사의 산교육장으로 가치를 인정받고 있다.<br /><br />동문을 비롯 서, 남문을 통해 성 안에 들어서면 사극 촬영장이 아닌가 하는 착각에 빠져들며(사극 용의 눈물, 태조왕건 등 촬영장소) 용인, 제주민속마을과 같은 전시용이나 안동 하회마을과 같이 양반마을도 아닌, 그저 대다수의 우리 서민들이 살아왔던 옛 그대로의 모습이기에 조상들의 체취가 물씬 풍겨 친근한 정감이 넘친다. 남부 지방의 독특한 주거양식인 툇마루와 부엌, 토방, 지붕, 섬돌 위의 장독, 이웃과 이웃을 잇는 돌담은 모나지도, 높지도 않고, 담장이와 호박넝쿨이 어우러져 술래잡기하며 뛰놀던 어린시절 마음의 고향을 연상케 한다.<br />- 성내 135,597㎡<br />- 성외 87,511㎡<br />- 총면적 223,108㎡<br>'),
      (49, 39, 228853, '제주공항 인근의 북쪽 바닷가에 있는 용두암은 높이 10m가량의 바위로 오랜 세월에 걸쳐 파도와 바람에 씻겨 빚어진 모양이 용의 머리와 닮았다 하여 용두암이라 불린다.\n전설에 의하면 용 한 마리가 한라산 신령의 옥구슬을 훔쳐 달아나자 화가 난 한라산 신령이 활을 쏘아 용을 바닷가에 떨어뜨려 몸은 바닷물에 잠기게 하고 머리는 하늘로 향하게 하여 그대로 굳게 했다고 전해진다.\n또 다른 전설은 용이 되어 하늘로 올라가는 것이 소원이던 한 마리의 백마가 장수의 손에 잡힌 후, 그 자리에서 바위로 굳어졌다는 전설이 있다.용두암에서 도두항까지 이어지는 용담-도두 해안도로에는 다양한 카페와 맛집이 있어 눈과 입이 즐거운 드라이브도 즐길 수 있다.\n제주의 명물로 떠오른 카페촌에서 차를 한잔하고 바닷길을 따라가다 보면 이호 해수욕장과 하귀해변, 애월읍으로 이어진다. 애월읍에서 용두암에 이르는 북제주의 해안도로는 제주 사람들이 가장 많이 찾는 데이트코스이다.'),
      (50, 39, 129617, '제주도 서귀포시 하효동에 있는 쇠소깍은 원래는 소가 누워있는 형태라 하여 쇠둔이라는 지명이었는데, 효돈천을 흐르는 담수와 해수가 만나 깊은 웅덩이를 만들고 있어 ‘쇠소깍’이라고 붙여졌다. 쇠는 소, 소는 웅덩이, 깎은 끝이라는 의미를 담고 있다. 쇠소는 용암이 흘러내리면서 굳어져 형성된 계곡 같은 골짜기로 이름만큼이나 재미나고 독특한 지형을 만들고 있다. 쇠소깍은 서귀포칠십리에 숨은 비경 중 하나로 깊은 수심과 용암으로 이루어진 기암괴석과 소나무숲이 조화를 이루면서 아름다운 풍광을 연출한다. 쇠소깍이 위치한 하효동은 한라산 남쪽 앞자락에 자리 잡고 있어 감귤의 주산지로 유명하여 마을 곳곳에 향긋한 감귤 냄새가 일품이다. 주변에는 주상절리대와 중문해수욕장, 천제연 폭포 등 유명한 관광지가 많아 함께 둘러보기에 좋다.'),
      (51, 39, 126452, '제주시 구좌읍 김녕리에 위치하는 만장굴은 전체길이 약 7,400 m, 최대 높이 약 25 m, 최대 폭 약 18m로서 제주 세계자연유산의 한 부분인 거문오름용암동굴계(황상구 외, 2005)에 속하는 용암동굴이다. 특히 주 통로는 폭이 18m, 높이가 23m에 이르는 세계적으로도 큰 규모의 동굴이다. 전 세계에는 많은 용암동굴이 분포하지만 만장굴과 같이 수십만 년 전에 형성된 동굴로서 내부의 형태와 지형이 잘 보존되어 있는 용암동굴은 드물어서 학술적, 보전적 가치가 매우 크다. 만장굴은 동굴 중간 부분의 천장이 함몰되어 3개의 입구가 형성되어 있는데, 현재 일반인이 출입할 수 있는 입구는 제2입구이며, 1㎞만 탐방이 가능하다. 만장굴 내에는 용암종류, 용암석순, 용암유석, 용암유선, 용암선반, 용암표석 등의 다양한 용암동굴생성물이 발달하며, 특히 개방구간 끝에서 볼 수 있는 약 7.6m 높이의 용암석주는 세계에서 가장 큰 규모로 알려져 있다. <br /><br /><출처 : 제주도세계지질공원>');